x1;x2;x3;x4;x5;x6;y
0,345093369;0,66036129;0,406762064;0,379355878;0,509786308;0,348800957;0
0,388311327;0,556144476;0,520224333;0,425899893;0,571467757;0,376022875;1
0,331988305;0,651459455;0,403300256;0,379187256;0,499820381;0,318890005;0
0,351577967;0,596301675;0,470858485;0,389682531;0,547562957;0,334184974;0
0,397634178;0,529192388;0,523685277;0,471113831;0,544047356;0,362224042;0
0,467730373;0,482618481;0,610316992;0,501682281;0,614203513;0,472247988;1
0,383268654;0,616575897;0,455302805;0,426053137;0,526529014;0,387004584;0
0,349525511;0,562630296;0,473260522;0,430156261;0,515819609;0,299439073;1
0,389682859;0,590047657;0,486163974;0,428689063;0,548137069;0,389264852;0
0,321023762;0,669001758;0,379542142;0,37214765;0,482718349;0,306457132;0
0,356157571;0,545646489;0,497677714;0,428292394;0,537029505;0,307688594;1
0,378762841;0,485168993;0,549763799;0,468657076;0,552450299;0,312559694;0
0,398732007;0,555285394;0,510056496;0,455739379;0,547630966;0,38127479;1
0,474578232;0,410269201;0,6580953;0,538368404;0,622658968;0,439848632;1
0,378172964;0,566446781;0,495715559;0,432642967;0,544843137;0,355549842;0
0,38334015;0,591804087;0,489696026;0,412679881;0,559422374;0,385358721;0
0,366858661;0,575706661;0,436607897;0,489361823;0,455824494;0,308737189;1
0,347607732;0,551987112;0,469672024;0,447420448;0,498845696;0,284650862;0
0,401995748;0,543948948;0,481895834;0,516915321;0,483953357;0,352693975;1
0,369812816;0,645732403;0,435266405;0,393988907;0,531221628;0,387038767;0
0,326821119;0,671391606;0,380805463;0,37490803;0,484828472;0,317623019;0
0,389058203;0,57036376;0,454872817;0,501123965;0,471263975;0,344084054;1
0,34640497;0,676475823;0,397756785;0,370044231;0,512099445;0,362592787;1
0,349153757;0,641381145;0,414421588;0,401809841;0,499149203;0,338607132;0
0,369881988;0,613138199;0,445745945;0,426433742;0,5123896;0,358111888;0
0,34550643;0,618717134;0,435304552;0,399633259;0,512708247;0,324522614;0
0,388443619;0,481274426;0,555968881;0,478391081;0,55442965;0,325000286;0
0,350052983;0,598707795;0,446459502;0,418507814;0,507707298;0,317532986;0
0,363234907;0,623581946;0,450196564;0,396067798;0,535645247;0,364084452;1
0,3526223;0,543663442;0,493691713;0,431736469;0,529704034;0,298719794;0
0,436956495;0,486621708;0,57937324;0,501937628;0,5779773;0,410492212;1
0,381122112;0,568441153;0,501683533;0,425401211;0,555980444;0,365919352;1
0,367256612;0,505649686;0,538940787;0,43997559;0,560990453;0,310813308;0
0,400977731;0,578533232;0,498102784;0,443173945;0,550821245;0,400695115;1
0,420263857;0,523660302;0,547427416;0,474922985;0,568775535;0,403909683;0
0,447822422;0,347981036;0,647237003;0,611266196;0,54540658;0,326517671;1
0,382321715;0,550001621;0,508535624;0,442962557;0,547445834;0,353041619;1
0,340192527;0,670033813;0,383509666;0,39164263;0,48103714;0,335860282;0
0,383302689;0,553703308;0,500765443;0,450274229;0,537297428;0,352534413;0
0,418987811;0,505508721;0,570591331;0,464576185;0,590840697;0,40043509;1
0,3636657;0,580593586;0,479290456;0,416280419;0,538817644;0,339594334;0
0,459135681;0,407205522;0,648031771;0,538574994;0,607854724;0,407404155;1
0,354336679;0,621730685;0,442670852;0,397142708;0,524721682;0,344632715;1
0,421221375;0,569510818;0,533653617;0,432019264;0,592965603;0,445518434;0
0,37442103;0,544093847;0,463816464;0,504971385;0,465972513;0,305735737;1
0,365734041;0,57691443;0,487874538;0,412143767;0,548818111;0,344603181;0
0,406083494;0,52108866;0,548396409;0,458028018;0,574616432;0,383136421;1
0,396723986;0,455618083;0,571750939;0,502500415;0,550955832;0,32088396;0
0,389995098;0,564632773;0,495808423;0,451200873;0,537083566;0,369191051;0
0,366149753;0,673455596;0,402280211;0,394771427;0,506417096;0,389572948;0
0,405806094;0,522829831;0,539512873;0,468137383;0,561040938;0,377920687;1
0,3854945;0,594379246;0,483450472;0,42076388;0,550253272;0,386402756;0
0,42749846;0,480982155;0,586108983;0,487167358;0,588473439;0,397194743;1
0,367080927;0,671348691;0,409068465;0,389480174;0,515815735;0,393612653;1
0,411315471;0,577598512;0,493308306;0,465312779;0,53627795;0,409844905;1
0,471451789;0,370485008;0,645101607;0,611627281;0,556095481;0,379150361;1
0,388484299;0,619572401;0,46924156;0,408979475;0,551963568;0,40819025;1
0,371360511;0,594455242;0,461313128;0,432904631;0,518387794;0,351285964;1
0,353132963;0,624749601;0,427051753;0,413358003;0,500707269;0,334971905;0
0,390820861;0,527230382;0,518885136;0,471491486;0,536880493;0,347916067;0
0,379246563;0,625712037;0,452039033;0,41205287;0,533176422;0,389502704;0
0,378599674;0,56842941;0,484751672;0,446115345;0,527478337;0,350226074;0
0,361772686;0,595252633;0,455417901;0,426950008;0,513723135;0,335377455;1
0,39792785;0,539891958;0,522501945;0,45827201;0,553294241;0,373027414;0
0,383855432;0,485415459;0,511123717;0,531558573;0,481643319;0,292873204;1
0,401682466;0,585291445;0,500724375;0,430826634;0,562439859;0,411224753;0
0,376162112;0,604917467;0,49052316;0,38369447;0,578853011;0,390912443;0
0,421915501;0,543372273;0,532608569;0,471097827;0,562996447;0,416291386;1
0,375073373;0,599925578;0,464873314;0,425126672;0,528922856;0,364704281;1
0,342429549;0,620690048;0,439559668;0,3865996;0,524232447;0,325597912;0
0,398913711;0,536370337;0,510175407;0,482372046;0,527317286;0,361472219;1
0,445083112;0,501763225;0,580708325;0,489581108;0,592337012;0,439088434;1
0,368732899;0,580169916;0,474212736;0,431062996;0,526777923;0,342101902;0
0,406921953;0,567876518;0,52043736;0,434221089;0,57528621;0,413964242;1
0,307919234;0,725444674;0,322550654;0,351171166;0,451421112;0,311152577;0
0,391955197;0,636467397;0,454024225;0,41062206;0,542680442;0,420965552;0
0,415755421;0,42702195;0,572491407;0,567377627;0,511770487;0,315943211;1
0,381646663;0,550641775;0,510448873;0,43841207;0,551829457;0,35422349;1
0,433801234;0,483900666;0,592584312;0,481809378;0,599958241;0,413823485;1
0,387435883;0,505269468;0,529227257;0,482507259;0,533268929;0,328769714;0
0,385648221;0,495494217;0,520165205;0,506865561;0,507609367;0,310678631;0
0,388207138;0,514974535;0,531535387;0,466683447;0,547346711;0,341157675;1
0,330651402;0,713366985;0,368266881;0,334776968;0,512189984;0,363316268;0
0,411963344;0,554144502;0,530943394;0,445101023;0,576391995;0,413593471;0
0,34897697;0,619443715;0,439361632;0,39767918;0,518993258;0,332717091;0
0,372102857;0,603194654;0,463684082;0,418113053;0,531989574;0,363447577;0
0,378745377;0,621219814;0,463231087;0,40205574;0,548133135;0,392208189;0
0,411236972;0,411442399;0,580600262;0,571516752;0,511467695;0,300818503;0
0,429326862;0,488063902;0,576250911;0,494382381;0,57760036;0,399560213;1
0,402758807;0,538368583;0,528265119;0,458625525;0,559381664;0,382065088;1
0,445105433;0,471974105;0,595663846;0,508905947;0,58768636;0,418133348;1
0,414413422;0,535135448;0,539208233;0,463000715;0,569391727;0,402326703;1
0,381066471;0,512524664;0,537496984;0,451646447;0,558793128;0,333883077;0
0,408326894;0,626304865;0,485479683;0,402719975;0,578110456;0,456072956;1
0,437982738;0,528048098;0,561037958;0,472502828;0,588718355;0,443144411;0
0,398941964;0,562857568;0,509209752;0,446608335;0,554229915;0,389135957;1
0,423553646;0,503570318;0,567709863;0,477634132;0,581592262;0,402125746;0
0,371974945;0,552371919;0,504412174;0,431353688;0,547998726;0,339143544;0
0,379391134;0,525274932;0,522593319;0,453144044;0,547054648;0,334018916;1
0,462823421;0,377527803;0,635293663;0,605499566;0,549580097;0,368293375;1
0,349523783;0,683333874;0,416539669;0,338295043;0,553180456;0,389789432;0
0,379471838;0,65522629;0,43127206;0,398589313;0,530332386;0,408499956;1
0,382271677;0,543312907;0,523396909;0,430949003;0,566288769;0,356824398;1
0,401431739;0,517810047;0,551874638;0,45125103;0,57949543;0,376162946;1
0,368737221;0,545404911;0,504368842;0,436608046;0,542056739;0,327902555;1
0,356594414;0,52079463;0,468237042;0,506062686;0,457883596;0,266002953;1
0,412522674;0,424948901;0,571918309;0,566834927;0,51004833;0,309639126;0
0,432801664;0,364708334;0,626682758;0,598621607;0,533087254;0,311298698;1
0,363656282;0,641067743;0,415146023;0,421281993;0,492527097;0,358060688;0
0,355156243;0,598004401;0,455449224;0,413827389;0,520298064;0,329694927;0
0,421608508;0,39290303;0,600060582;0,582992315;0,521189094;0,308043599;1
0,440007806;0,438443571;0,605516672;0,534461319;0,572318017;0,382635027;1
0,396954745;0,574018538;0,519275427;0,41404447;0,584699452;0,406456947;1
0,403508067;0,485755682;0,561478317;0,484642923;0,561507344;0,35245052;1
0,419914901;0,448026448;0,56042856;0,561059475;0,510972977;0,333564728;1
0,421408385;0,42699337;0,57603842;0,569722712;0,515373409;0,325217605;1
0,386110485;0,561672032;0,497306317;0,447910517;0,538446367;0,36204806;0
0,410866052;0,41662696;0,576721847;0,569356918;0,510367334;0,302809298;1
0,368423969;0,575587988;0,480091214;0,42869851;0,532286763;0,341139972;0
0,448756218;0,365623266;0,63539964;0,604614735;0,54290539;0,337840199;1
0,40994522;0,551289856;0,531841218;0,4450984;0,575888872;0,408419371;1
0,383515835;0,542933464;0,505351961;0,459042639;0,533615708;0,34496057;1
0,376720816;0,552071154;0,510053515;0,430256009;0,555154383;0,349021405;0
0,343330532;0,598492742;0,432898879;0,428805619;0,486666024;0,299485952;0
0,41849193;0,47582975;0,582345366;0,48791188;0,580706477;0,37698698;1
0,450169951;0,492342889;0,595636487;0,487148672;0,606418669;0,447486043;1
0,443245173;0,542100728;0,551082969;0,47436747;0,583681405;0,458106607;0
0,394287735;0,588478386;0,497321248;0,421272576;0,563634694;0,40220052;0
0,347686738;0,620951831;0,443103284;0,388518602;0,528094113;0,335312784;1
0,431307822;0,465091854;0,595153749;0,500974655;0,586072087;0,392074317;1
0,400207937;0,440743476;0,553035676;0,555615425;0,499535829;0,297625661;1
0,371339023;0,547321081;0,501587391;0,44152084;0,537904382;0,331189185;0
0,399699092;0,524740517;0,551693797;0,439588994;0,587292552;0,381130993;1
0,352977157;0,585121453;0,457487136;0,426040709;0,51072371;0,315164387;1
0,334399283;0,661426842;0,391282827;0,38513875;0,488214254;0,324260294;1
0,444705725;0,373606235;0,627450705;0,599862456;0,539006948;0,335510075;1
0,413760841;0,525472462;0,550927222;0,458573103;0,579940319;0,399952918;1
0,369893193;0,567798793;0,485751569;0,433570385;0,532992244;0,339017063;0
0,429668903;0,416210711;0,624037802;0,524119556;0,587114573;0,359999955;1
0,399810165;0,472513407;0,56739521;0,489419281;0,559737504;0,338547349;1
0,412450701;0,529518247;0,554411173;0,446137875;0,590866625;0,405314326;0
0,395716995;0,552670538;0,504157424;0,463814914;0,535928071;0,370105237;0
0,433764964;0,541669905;0,543369889;0,473648429;0,574291825;0,438718468;1
0,377545834;0,5315727;0,508360744;0,462333143;0,529685974;0,327979743;0
0,416499913;0,416598588;0,580259442;0,571699381;0,513970792;0,311873913;1
0,384289354;0,598951757;0,467431009;0,435430199;0,527694285;0,37780261;0
0,419973284;0,508328557;0,563059151;0,473045379;0,580140948;0,398946285;1
0,413023621;0,512721002;0,562923491;0,457811087;0,587833762;0,394407898;0
0,40731132;0,586455524;0,504215717;0,43172434;0,567034125;0,422868043;0
0,370669156;0,596187592;0,482536018;0,399528384;0,558116078;0,367830426;1
0,422141284;0,509152889;0,55709964;0,483552605;0,569503784;0,398092628;1
0,436156064;0,465084612;0,58691299;0,519797564;0,569033027;0,391922712;1
0,407704353;0,493831128;0,520709336;0,538514733;0,495738417;0,336486608;1
0,344913393;0,670860231;0,402244776;0,370033324;0,514284194;0,357327521;0
0,405798078;0,596442163;0,517785013;0,396626204;0,60190773;0,442861944;1
0,376962006;0,441918314;0,53713882;0,545243502;0,48417744;0,262002259;1
0,335539371;0,644756973;0,397798359;0,401846766;0,479862571;0,312412143;0
0,360135853;0,561665416;0,480600297;0,435937077;0,522221267;0,316741228;0
0,404776007;0,555364192;0,536501586;0,425864935;0,590756118;0,409572959;0
0,350465387;0,663908601;0,409841418;0,377094507;0,516854346;0,36251387;0
0,390834928;0,504108608;0,538889706;0,474752963;0,547395647;0,338734537;1
0,374659449;0,625503898;0,441206872;0,421581328;0,515924454;0,37484929;0
0,421497405;0,457550228;0,593590677;0,500791907;0,580008209;0,370074302;0
0,387849033;0,427164972;0,554651797;0,55560863;0,493744999;0,271823287;1
0,372221768;0,573133349;0,493325263;0,418581426;0,550942957;0,353066325;0
0,377561867;0,527297497;0,522951961;0,447299689;0,550771534;0,333990306;1
0,408399969;0,532926023;0,527122915;0,475521594;0,548782766;0,382783443;0
0,383290857;0,594758928;0,475243777;0,428894281;0,537341714;0,377700567;0
0,429131746;0,430093348;0,578665614;0,571706116;0,519755304;0,339704424;1
0,373978525;0,598606944;0,477712631;0,407352358;0,550665975;0,37132901;1
0,394154757;0,658843637;0,46142894;0,370595872;0,580587089;0,457134932;1
0,373300254;0,592211306;0,475063115;0,419163615;0,539256036;0,36150068;1
0,410198599;0,480664551;0,566974163;0,492741346;0,562570035;0,35977596;1
0,42339474;0,528443277;0,553033292;0,464253277;0,582116544;0,417685568;1
0,395358682;0,480567217;0,555703461;0,48926267;0,549765289;0,3327021;1
0,369639307;0,548732281;0,516141117;0,416553408;0,565773547;0,340770572;1
0,325252891;0,696667314;0,344159633;0,3884027;0,447161734;0,316861778;0
0,339992255;0,630658209;0,413276345;0,406251132;0,489447236;0,314305693;1
0,395914108;0,454498082;0,540630162;0,548529983;0,494510442;0,297419518;1
0,424900115;0,434731036;0,608470201;0,515135646;0,580901921;0,361645073;1
0,359985024;0,581992388;0,427651733;0,483853519;0,450226635;0,300316304;1
0,359209776;0,611745298;0,452720851;0,403850675;0,528775871;0,347592384;0
0,395037383;0,588224769;0,475877255;0,453260243;0,525309801;0,386624992;0
0,372223079;0,5124861;0,524349034;0,458444595;0,540087402;0,313590914;0
0,401311696;0,425006032;0,564800024;0,562134385;0,502838433;0,291735053;1
0,426044822;0,457522213;0,557661772;0,559977293;0,513316751;0,348871887;1
0,428582221;0,406192809;0,594998717;0,580672979;0,523370326;0,326270342;1
0,327827036;0,671789587;0,368826509;0,393258899;0,462210566;0,310628057;0
0,434317052;0,500253439;0,57185334;0,490522385;0,580269635;0,416008294;1
0,386667788;0,519313753;0,506801546;0,494357973;0,509089112;0,326075822;0
0,38132906;0,649774432;0,445267826;0,389398038;0,54796195;0,41542837;0
0,439806581;0,480366081;0,586067557;0,504503369;0,58192414;0,412700444;0
0,365551382;0,609224796;0,444000036;0,42860353;0,507060111;0,34687537;0
0,404176444;0,603257418;0,4785932;0,440128863;0,542294979;0,417951912;0
0,401425958;0,541180015;0,531910419;0,447648495;0,569400549;0,386081815;0
0,3202824;0,696181238;0,353767425;0,367739677;0,467829555;0,316969037;0
0,4100326;0,577671766;0,511401594;0,437508464;0,568653524;0,422176987;1
0,374240577;0,534563601;0,498450458;0,46786201;0,517094493;0,319909871;0
0,338055462;0,642876446;0,409149468;0,391755909;0,497165531;0,321798533;0
0,391738623;0,560745835;0,515162468;0,431332707;0,565902591;0,381743878;1
0,407160461;0,520619035;0,535807788;0,478444725;0,551508784;0,374558955;0
0,431967258;0,469865978;0,597905934;0,491009831;0,595647812;0,400296241;0
0,43683219;0,524612427;0,554728568;0,485035777;0,574634075;0,432761073;1
0,390539527;0,671680391;0,466352344;0,341006726;0,605777681;0,472190291;1
0,400832087;0,479991764;0,525959969;0,540882826;0,493553072;0,317958474;1
0,428284675;0,488304704;0,569593966;0,50251317;0,566564381;0,393279254;1
0,366704077;0,637081146;0,430204898;0,409602076;0,513605177;0,368975818;0
0,401322722;0,590766013;0,496713668;0,428305387;0,561618567;0,413836122;1
0,392549425;0,599314988;0,482538968;0,42454794;0,550602078;0,400751978;1
0,360928982;0,607182205;0,452666909;0,412762105;0,522638917;0,344916403;0
0,390751123;0,496132523;0,553772748;0,464060366;0,565190494;0,341250181;1
0,368082106;0,637589395;0,426256716;0,416407824;0,506354034;0,368423194;0
0,375892639;0,540008187;0,508008599;0,448794663;0,538995743;0,334126204;0
0,392587662;0,640610039;0,456893921;0,401364595;0,552229702;0,429040164;0
0,384682506;0,571896195;0,491369039;0,440093726;0,53986299;0,3666991;1
0,372803569;0,527294397;0,517352343;0,448771507;0,543338656;0,324034989;1
0,405540735;0,555409014;0,515065491;0,457559258;0,553187668;0,394217044;1
0,375959665;0,554218829;0,497667283;0,443897396;0,536117256;0,341353625;1
0,347501904;0,6642102;0,409013033;0,373809099;0,517264724;0,35820213;1
0,372518182;0,600134373;0,467406034;0,417745382;0,534944355;0,363412231;1
0,374513477;0,56327337;0,491865367;0,437546849;0,53647387;0,344682246;1
0,394769132;0,571106434;0,52554673;0,406354874;0,59342742;0,405074507;0
0,390580326;0,601840615;0,468732089;0,437969148;0,530065417;0,390421748;0
0,344973385;0,645415545;0,417012393;0,386478245;0,510813594;0,339410514;0
0,34746471;0,683741808;0,389851302;0,371784568;0,505880296;0,366692454;0
0,338564366;0,654714942;0,402585149;0,384588689;0,49883911;0,330618054;0
0,359268755;0,566132724;0,473339796;0,438858747;0,514695227;0,31508553;0
0,383307457;0,59535104;0,475176185;0,428171813;0,537872195;0,378324926;0
0,339241773;0,633749068;0,420073688;0,391027302;0,505802512;0,321408868;0
0,366323173;0,561917603;0,496334195;0,421808004;0,547035277;0,335891098;1
0,379745394;0,607770145;0,460840017;0,4260391;0,528195262;0,376566201;0
0,38972804;0,480050117;0,518720627;0,536131084;0,486344934;0,299782276;1
0,387853831;0,539405406;0,522084415;0,445845634;0,557040811;0,359049201;1
0,344893008;0,631611049;0,427169055;0,391890496;0,513173521;0,331614614;0
0,36577338;0,566782832;0,497773767;0,412299186;0,555111527;0,341211677;0
0,404081017;0,577004492;0,499094814;0,448092878;0,549358308;0,403915942;0
0,387364119;0,528310299;0,528669715;0,451121211;0,55696857;0,351681978;1
0,374504417;0,558887482;0,453478217;0,499279618;0,463622898;0,313208371;1
0,401839852;0,495152563;0,561031282;0,469921052;0,571481645;0,359727681;1
0,45405224;0,447091728;0,619243443;0,519903958;0,599700272;0,421524584;0
0,423228651;0,491898179;0,568973422;0,491633147;0,571694911;0,390057087;0
0,363121867;0,689849019;0,396245331;0,374361098;0,517190158;0,401007146;1
0,423856616;0,472036541;0,591476738;0,486784458;0,590349436;0,386969805;1
0,35477671;0,631014764;0,436298788;0,393454671;0,523730278;0,350722045;0
0,395591825;0,550162137;0,523925126;0,438746363;0,567923307;0,382012755;1
0,435584426;0,419621408;0,589916646;0,578350186;0,525550663;0,345037729;1
0,343139678;0,712305784;0,36460954;0,358167082;0,497126073;0,376523614;0
0,344057441;0,625329494;0,429840446;0,39593482;0,511200428;0,325724155;0
0,359673709;0,597406447;0,447074056;0,432936013;0,502314746;0,328967839;0
0,39377138;0,516172826;0,535011351;0,467594504;0,551973045;0,352003157;1
0,407197833;0,552406311;0,520183921;0,456631958;0,558102131;0,397035062;1
0,36607796;0,541047513;0,507421017;0,434605092;0,544086695;0,322308123;1
0,40174669;0,562427938;0,50131768;0,462355822;0,538525462;0,386432528;1
0,408569753;0,4681786;0,586000562;0,479794353;0,583910465;0,358929515;0
0,347549587;0,665852427;0,408816457;0,371739775;0,518863022;0,360035747;0
0,378715545;0,502180099;0,544546306;0,452542514;0,561367989;0,325573295;0
0,404774219;0,471446544;0,534467697;0,545805216;0,497477502;0,320225418;1
0,361017436;0,605725884;0,466874987;0,394970089;0,546149433;0,353802532;0
0,408010274;0,513935387;0,543273866;0,478058606;0,557111144;0,374176443;1
0,369496644;0,652001023;0,431194097;0,390130162;0,53145349;0,390861958;1
0,432111114;0,456304699;0,602600873;0,503169119;0,589756608;0,389472693;1
0,408474773;0,595715761;0,49580121;0,432106644;0,561965585;0,428492635;0
0,403320342;0,604673564;0,485778868;0,42670688;0,556905389;0,423995554;0
0,372929007;0,485473841;0,50387156;0,526794791;0,474446148;0,275551647;0
0,433527291;0,416513354;0,590821385;0,578707159;0,524770916;0,339925677;1
0,407024264;0,644909143;0,517475784;0,332005471;0,652666628;0,502289355;1
0,456514835;0,426724315;0,627203822;0,539728582;0,59152478;0,408587605;1
0,435702264;0,469715267;0,601960659;0,490078658;0,600926697;0,408282131;1
0,399643332;0,481064498;0,52444309;0,5399701;0,492611974;0,316523075;1
0,374184489;0,541422963;0,522553265;0,423727989;0,566852093;0,343748897;0
0,414094955;0,418688983;0,577293396;0,569898784;0,512089431;0,309036583;1
0,372491062;0,576222777;0,487605929;0,422729969;0,54414326;0,352526963;0
0,397234589;0,54022938;0,524445534;0,454057992;0,557403803;0,37392658;1
0,41922614;0,512035131;0,55066514;0,485041648;0,562641382;0,39242205;1
0,35844627;0,601893187;0,450493038;0,419937104;0,514099777;0,334498107;1
0,384721339;0,550003171;0,51133883;0,442228377;0,551159084;0,358208746;1
0,397126883;0,475170612;0,555716634;0,499220431;0,543136299;0,329495847;0
0,434034854;0,576519012;0,541468978;0,427845001;0,607700408;0,477227807;1
0,386042744;0,547505021;0,507647753;0,45281601;0,541322768;0,3546184;1
0,403650522;0,411872387;0,596500456;0,53722775;0,544653475;0,303353429;1
0,386781931;0,574430704;0,504632652;0,420534283;0,56479013;0,382104695;0
0,427999407;0,456584692;0,608817816;0,487847418;0,603075087;0,389341742;1
0,454710871;0,458453268;0,626287401;0,49389264;0,623731673;0,440952897;1
0,398455799;0,482137382;0,522925735;0,539057136;0,491670907;0,315091133;1
0,413974643;0,472030371;0,580591857;0,489758521;0,575765729;0,36580348;1
0,365834087;0,603463233;0,467369974;0,403995395;0,542018175;0,358120412;0
0,386125773;0,550547302;0,50730896;0,449163795;0,543970644;0,357663125;0
0,408085108;0,577252924;0,512031674;0,434603959;0,570241153;0,419556528;0
0,380509585;0,534206986;0,514257908;0,454261512;0,541411519;0,338561267;1
0,420226604;0,493782103;0,58178103;0,466017097;0,597627521;0,398095816;1
0,348397553;0,538125634;0,472606033;0,463696271;0,488586158;0,274751306;0
0,392510295;0,552463651;0,469758749;0,509570897;0,476434946;0,340686858;1
0,413092941;0,385834217;0,599834442;0,582273424;0,516967475;0,290977716;1
0,340174794;0,581005037;0,462005883;0,407381237;0,520978212;0,29803887;0
0,340574235;0,582671404;0,451154143;0,421009749;0,503265858;0,292909384;0
0,422155678;0,416570157;0,583788812;0,574038684;0,517572761;0,321084887;1
0,34653151;0,609556079;0,451692671;0,390954703;0,531103909;0,327859491;0
0,399301916;0,4218871;0,565719426;0,562494755;0,502056718;0,287066609;0
0,435737193;0,475830227;0,587684572;0,503023028;0,581960022;0,403657317;0
0,417677402;0,479904264;0,536797583;0,547996283;0,504369438;0,346282154;1
0,415125459;0,542038739;0,541812599;0,450547993;0,580895483;0,412869692;1
0,394537002;0,583880544;0,487100959;0,442652732;0,540566206;0,389638931;1
0,407274872;0,419763744;0,572260916;0,566651762;0,507544398;0,298628569;1
0,341776788;0,612453699;0,418074787;0,428118646;0,47640878;0,301288605;0
0,390278071;0,497481644;0,55027467;0,466638356;0,560694575;0,339495748;1
0,37820074;0,520533204;0,535802543;0,439077109;0,565762341;0,337113231;0
0,387465179;0,543795764;0,518215537;0,444761515;0,555163682;0,360307604;0
0,439405531;0,503635406;0,576973319;0,484981477;0,590398788;0,430581719;1
0,366387755;0,63244164;0,436023533;0,407627225;0,518861055;0,367671818;0
0,354688555;0,557454765;0,477453262;0,438666105;0,514891624;0,303653449;0
0,37267378;0,605723381;0,466765016;0,410944581;0,539983749;0,369268537;1
0,331287444;0,67516917;0,372356117;0,387807906;0,471129239;0,321526825;0
0,440635711;0,444753796;0,575584829;0,570812821;0,524595618;0,367146701;1
0,360855401;0,600570798;0,415104657;0,476887643;0,447732002;0,311150014;1
0,362159789;0,526215374;0,504858196;0,453365445;0,525617898;0,301238596;0
0,403335422;0,589110732;0,510451078;0,413887799;0,582642674;0,425327927;1
0,422068894;0,402109623;0,593869686;0,579596221;0,51993078;0,31351012;1
0,342015326;0,638747931;0,41177845;0,399511576;0,495028764;0,324435085;0
0,3868213;0,557410896;0,509929717;0,436780512;0,555623472;0,36775586;0
0,411236972;0,411442399;0,580600262;0,571516752;0,511467695;0,300818503;1
0,324288696;0,623484194;0,422501355;0,381226152;0,506449819;0,293253422;1
0,373803288;0,637085497;0,438472658;0,407444984;0,524837255;0,384860814;0
0,369751394;0,608464658;0,446281701;0,432216048;0,508123755;0,353243232;0
0,364296108;0,513346612;0,523201287;0,447843075;0,543040931;0,30387938;1
0,398199975;0,437596887;0,553960323;0,555976987;0,498754114;0,292901933;1
0,407573491;0,595662057;0,503165424;0,420542538;0,575135469;0,432944268;1
0,361281157;0,590633988;0,466622353;0,416847706;0,528752208;0,337915033;1
0,383603036;0,440829873;0,542254031;0,548523188;0,488720953;0,271628082;1
0,402699441;0,389943331;0,590476394;0,576361179;0,509602129;0,276932061;1
0,370449007;0,520945013;0,509882629;0,465079516;0,524547637;0,309734046;1
0,337525964;0,65187186;0,396415949;0,396189779;0,484639198;0,321639478;0
0,36976561;0,588207185;0,485429585;0,405375749;0,55485034;0,360113502;0
0,365252584;0,611686885;0,454351842;0,409901112;0,528488576;0,356733173;0
0,47971487;0,368455499;0,651184618;0,615636408;0,561507761;0,39237991;1
0,375966609;0,472663224;0,514862537;0,53301698;0,478521436;0,274427056;1
0,447628647;0,453833908;0,603542387;0,525831699;0,581516087;0,407790333;1
0,377483845;0,634466231;0,437631577;0,417458713;0,518410861;0,386180013;0
0,388542145;0,473096341;0,565490365;0,475975126;0,562546313;0,323738515;0
0,403927475;0,48225984;0,565191269;0,484633863;0,56416589;0,35211271;0
0,384343505;0,493726403;0,538399398;0,481010765;0,538680255;0,319917321;1
0,469366103;0,367510378;0,645957708;0,611975074;0,555323482;0,373821378;1
0,382620007;0,493078291;0,533705592;0,486364394;0,530542552;0,313916713;1
0,398934484;0,427107751;0,561807275;0,56032449;0,50095582;0,289003998;0
0,40552789;0,441989213;0,599749863;0,491920888;0,582229853;0,338268459;1
0,475540012;0,523091912;0,621016443;0,4392533;0,669193685;0,537417471;0
0,453236073;0,563777506;0,542438209;0,4696109;0,586925328;0,489412367;0
0,401508868;0,390966117;0,589004636;0,575463653;0,508661151;0,27560702;1
0,380602092;0,624787748;0,448215574;0,420666754;0,524617434;0,387361586;1
0,417311996;0,470862776;0,576276362;0,50230962;0,565239429;0,365590602;0
0,422443032;0,614647686;0,494907588;0,424705684;0,574592233;0,469020844;1
0,41352427;0,458647072;0,548987031;0,554352999;0,505167246;0,328319818;1
0,436425388;0,423784912;0,587537825;0,577096343;0,525391459;0,348679364;0
0,381459177;0,567106485;0,491088599;0,442822099;0,535762966;0,357166708;0
0,361787617;0,584349394;0,465358019;0,428190142;0,519279122;0,33114782;0
0,389532924;0,515284002;0,493933171;0,522591412;0,480527878;0,316706449;1
0,349365801;0,622428656;0,447664857;0,382392377;0,537033021;0,342415065;0
0,428582221;0,406192809;0,594998717;0,580672979;0,523370326;0,326270342;1
0,428495079;0,391850591;0,604991794;0,586206317;0,525725901;0,318630666;1
0,409017533;0,477454424;0,57977742;0,476680636;0,582425535;0,364515334;1
0,371222407;0,527109325;0,473602057;0,510109484;0,466607958;0,292260766;1
0,342204958;0,650000453;0,396859437;0,404868811;0,480747044;0,326054394;0
0,364146233;0,61880219;0,438177854;0,421226352;0,508218467;0,351136297;0
0,368862063;0,573367596;0,483724475;0,42724517;0,536037385;0,342001498;0
0,364786834;0,567019522;0,490972966;0,420201927;0,543951988;0,335335672;1
0,346720606;0,675014913;0,387681484;0,387073785;0,491443902;0,353571773;0
0,406241804;0,508078396;0,553170502;0,469390154;0,569164157;0,373109609;1
0,337776244;0,656329274;0,409493178;0,371391386;0,513858914;0,33642447;0
0,401887208;0,54409951;0,52087152;0,460108846;0,552994013;0,381510347;1
0,35739249;0,63934505;0,418978244;0,409626842;0,500743508;0,350649476;0
0,368166178;0,591147304;0,480310768;0,406276792;0,549928784;0,357402235;0
0,382878751;0,451390445;0,534347177;0,544153988;0,486520559;0,275382459;1
0,387359738;0,563335896;0,498522133;0,445537567;0,541766703;0,366349787;0
0,454773486;0,408126354;0,609459817;0,590489209;0,539450586;0,371580213;1
0,413749695;0,361834466;0,617329717;0,592065096;0,521523833;0,279991388;1
0,42437309;0,449060529;0,562502921;0,562508345;0,513635695;0,341604859;1
0,328311086;0,600231647;0,425370067;0,415683389;0,483088225;0,277599037;0
0,402288824;0,462213784;0,579825103;0,48883602;0,569679797;0,34022814;0
0,393473923;0,535798609;0,520737886;0,460473716;0,548017383;0,361586571;0
0,367157191;0,490842611;0,496267855;0,522212267;0,469754368;0,268986493;1
0,343500525;0,640114367;0,421499461;0,385767877;0,513531685;0,334896594;1
0,421198875;0,596484721;0,49898991;0,443358511;0,562185824;0,449204594;0
0,3869223;0,572713733;0,499453485;0,430464506;0,553817511;0,37654677;0
0,355251223;0,590099216;0,465052277;0,411480308;0,528507769;0,328423798;0
0,354226142;0,698267281;0,379452795;0,373535722;0,501204252;0,385891378;0
0,384554654;0,536982536;0,507414579;0,465823054;0,530302823;0,34166497;0
0,374808937;0,574122667;0,490645975;0,424524546;0,546010554;0,355558097;0
0,346740663;0,643838465;0,41663003;0,391740173;0,507328749;0,339737177;0
0,35775125;0,623599589;0,432682902;0,413345546;0,507139325;0,343892306;0
0,386136681;0,574237883;0,487136453;0,444835752;0,534240246;0,367998898;0
0,389582515;0,509394348;0,542254806;0,460787237;0,559576154;0,344944566;1
0,435423046;0,502162755;0,578269839;0,479819834;0,593012094;0,424668878;1
0,367903292;0,633247674;0,445950001;0,394491911;0,536776423;0,378121227;1
0,377238303;0,422001123;0,551411688;0,553062499;0,487636864;0,2535052;1
0,390234202;0,549974203;0,514963269;0,444587857;0,554724216;0,368056238;0
0,376576662;0,512150943;0,487616807;0,518184781;0,472552687;0,293838054;1
0,360150248;0,619348288;0,430651546;0,425746202;0,497359395;0,340963155;1
0,414439887;0,470073372;0,584098339;0,487906575;0,579703093;0,367001027;1
0,361202866;0,677338958;0,406758964;0,375892073;0,521963179;0,39102456;1
0,411779851;0,500380754;0,5714854;0,460721016;0,590499818;0,386089861;0
0,445768118;0,464915365;0,608056247;0,50094533;0,602079153;0,421221316;1
0,378844738;0,558943033;0,489199847;0,453407139;0,524852216;0,343872905;0
0,430756599;0,578936994;0,526314259;0,441839218;0,585871935;0,463490903;1
0,34916839;0,630950212;0,424163878;0,40302828;0,504711151;0,334357232;0
0,411428422;0,530064404;0,54764688;0,453822315;0,580185115;0,399321496;1
0,445063591;0,410219818;0,625341117;0,551070392;0,575734556;0,374051034;1
0,349262714;0,623284757;0,433632553;0,400700569;0,512937844;0,333077103;1
0,429870844;0,460279047;0,612981796;0,478810638;0,61341083;0,399132103;1
0,388920665;0,522522867;0,534078181;0,453484207;0,559509277;0,351644427;1
0,411109239;0,546956539;0,514259219;0,478129864;0,539912403;0,391775191;0
0,43908447;0,548386395;0,562151551;0,443938822;0,611279905;0,468461514;1
0,382837355;0,519912541;0,527380824;0,458439827;0,548002779;0,336378008;1
0,422281593;0,471784413;0,581645966;0,499715447;0,573379397;0,37704742;1
0,427935302;0,491735518;0,598612785;0,454066366;0,621246576;0,4194673;1
0,410089731;0,561287761;0,516627908;0,45316565;0,560030639;0,407956511;0
0,394337952;0,518200219;0,538158059;0,460981607;0,559382379;0,357133955;0
0,397932678;0,509542942;0,537948847;0,478253275;0,548009098;0,352633059;0
0,401456505;0,519488692;0,498730689;0,526078403;0,487572163;0,339009911;1
0,355539232;0,662156582;0,418783396;0,373960793;0,528364599;0,374206245;0
0,359344691;0,598713815;0,457573116;0,415613949;0,52269119;0,337392151;0
0,417029649;0,378252298;0,626380563;0,558713734;0,555689871;0,306575805;1
0,389735103;0,465687335;0,562391639;0,492563456;0,548533022;0,315713644;1
0,427630246;0,438672185;0,624072611;0,489282876;0,611871958;0,381617814;1
0,337863714;0,533677042;0,446523398;0,49264881;0,443129539;0,242852345;1
0,336048037;0,669040024;0,400101304;0,363696426;0,512850523;0,341553479;0
0,372570783;0,490813375;0,499894738;0,524597168;0,47334829;0,277441531;1
0,362302005;0,573545694;0,478685588;0,42509073;0,530714095;0,330133677;0
0,368405938;0,631493986;0,430284441;0,419987947;0,506387949;0,364995748;1
0,397556007;0,502697885;0,544035554;0,478422403;0,551633775;0,349541157;1
0,34631899;0,617609739;0,428210557;0,412459403;0,49822104;0,319399953;0
0,394039452;0,602494299;0,478209496;0,428167075;0,545793653;0,40305385;1
0,407162696;0,469305396;0,537493527;0,547626615;0,499360085;0,323117465;1
0,35193491;0,589439094;0,455607951;0,421181709;0,51271534;0,316889048;0
0,386009574;0,546287119;0,507783234;0,45427838;0,540262878;0,353403807;1
0,409753948;0,432287365;0,565031648;0,562861919;0,507065773;0,308825999;1
0,385135561;0,563118875;0,490370184;0,45450297;0,528288424;0,357225806;1
0,333693415;0,663918436;0,379482627;0,39764297;0,46958369;0,317446858;0
0,349268973;0,677246034;0,384979486;0,391114026;0,487799883;0,357588828;0
0,353228956;0,628199935;0,426653862;0,40907231;0,503908038;0,33853066;0
0,347833931;0,663270593;0,398776472;0,390202254;0,497146338;0,349834263;0
0,332937181;0,623108864;0,424944848;0,390487343;0,505750775;0,305580884;0
0,409211397;0,408352286;0,581510961;0,571875274;0,510686338;0,29606548;1
0,36533767;0,578606606;0,464845151;0,441971332;0,510181367;0,329442501;1
0,374498367;0,571555018;0,515808165;0,392394513;0,587127686;0,370912492;1
0,37475276;0,583611429;0,480820507;0,425088644;0,539164901;0,358403653;0
0,334840953;0,653928816;0,390266806;0,398323774;0,47713241;0,315911084;0
0,357819051;0,585508287;0,457677931;0,43200478;0,50896138;0,321846396;0
0,419145375;0,473652691;0,580647171;0,49436906;0,575085461;0,374217361;1
0,348656625;0,592408776;0,41283226;0,474682391;0,440925509;0,28657797;1
0,414643884;0,550293684;0,542871833;0,436889499;0,591660261;0,422199875;1
0,392407894;0,5244295;0,543390572;0,442153186;0,576084614;0,365000695;1
0,396173388;0,532000661;0,51322633;0,480338126;0,529355824;0,355608106;1
0,382805526;0,530537844;0,517465651;0,457914352;0,541956604;0,3400442;0
0,435207784;0,424834639;0,586062968;0,576199234;0,524452507;0,347175866;1
0,379246563;0,625712037;0,452039033;0,41205287;0,533176422;0,389502704;0
0,358979404;0,562118351;0,479149669;0,435758829;0,520749152;0,31473574;0
0,441430151;0,542904794;0,565510154;0,44976604;0,610280037;0,468124896;1
0,343279719;0,701257288;0,369122922;0,369080782;0,491292715;0,36625877;0
0,433584303;0,535257339;0,544075966;0,481376767;0,568805158;0,431864321;1
0,416415185;0,560621858;0,518338859;0,460118353;0,559220672;0,417022765;1
0,336235225;0,673717141;0,38097629;0,384291053;0,482904881;0,332881749;0
0,371164799;0,447223961;0,52956903;0,540683925;0,479477227;0,25564605;1
0,418987811;0,505508721;0,570591331;0,464576185;0,590840697;0,40043509;0
0,405419797;0,527545989;0,535625875;0,466677606;0,55943042;0,379518718;1
0,385132074;0,604221702;0,46485126;0,432718277;0,528598785;0,38284266;0
0,400957346;0,547688961;0,51370579;0,464160055;0,54473716;0,378766447;1
0,395325571;0,55983144;0,466381162;0,507920444;0,477055728;0,349449754;1
0,404687196;0,44201082;0,588028491;0,508362651;0,561602354;0,328662872;1
0,366599202;0,570142984;0,475923091;0,43976289;0,51987654;0,330221742;1
0,361983001;0,531321883;0,49553287;0,459427565;0,514739275;0,299657941;1
0,364318311;0,568042517;0,487472117;0,423088431;0,539150298;0,333301127;1
0,400523901;0,564315319;0,519200623;0,432411104;0,572437227;0,400447071;1
0,368098021;0,563539147;0,481444538;0,443206102;0,521648884;0,329304904;1
0,382821202;0,596059024;0,471717358;0,431434155;0,532795906;0,375865668;0
0,368971944;0,611626923;0,453202635;0,416702092;0,524461985;0,360763371;0
0,382394016;0,534022689;0,513695717;0,457923353;0,539273202;0,340376526;1
0,38138783;0,51752317;0,531600595;0,453671277;0,553598166;0,335130721;1
0,41332534;0,493801922;0,524328947;0,54088968;0,499343902;0,346058905;1
0,382004827;0,514729083;0,529930174;0,46081537;0,54736799;0,331915349;0
0,328407437;0,701818168;0,357162029;0,365335286;0,477130651;0,33717525;0
0,328047276;0,647791445;0,396437138;0,388799757;0,484964132;0,30496788;0
0,423082888;0,481778979;0,583866239;0,483486593;0,587442458;0,390513033;1
0,363589376;0,5476529;0,495122373;0,439534485;0,530849457;0,317211807;0
0,377444863;0,581393898;0,473147124;0,44286418;0,521789014;0,353965402;1
0,406423271;0,479962587;0,529575706;0,543255925;0,497158349;0,327263713;1
0,366022319;0,621449053;0,456582874;0,393938035;0,543116391;0,370213598;0
0,345527261;0,662994683;0,396122545;0,391261786;0,493130267;0,344423205;0
0,334459156;0,706128478;0,371240795;0,346701413;0,506320953;0,361806154;0
0,412350237;0,396010399;0,592174113;0,577979565;0,514768004;0,294891238;0
0,361441612;0,512851536;0,51707381;0,453335851;0,533180356;0,295832694;1
0,398085117;0,526928782;0,527313888;0,46963492;0,547783732;0,363109469;1
0,394920677;0,513871908;0,536659122;0,469978958;0,551848769;0,352303356;1
0,390708029;0,62869525;0,448227197;0,428599268;0,524026871;0,40558669;1
0,412180454;0,458644509;0,585894942;0,49822709;0,571903288;0,353507578;1
0,387940913;0,505149007;0,532615125;0,478447974;0,538874924;0,331672728;1
0,376839459;0,514242947;0,535098493;0,446905553;0,558533013;0,328565627;0
0,404842228;0,47596404;0,553325534;0,512135506;0,535906196;0,338173389;1
0,422529459;0,411385775;0,587648749;0,576192439;0,518672228;0,319028974;1
0,364278167;0,571345627;0,4729909;0,439042479;0,51719749;0,326420456;0
0,352387905;0,583372176;0,473725706;0,404687971;0,537906289;0,323922634;1
0,415868312;0,378758252;0,606553793;0,586199641;0,519946933;0,291763693;1
0,379856646;0,500184178;0,546155393;0,454549998;0,561506927;0,326154053;1
0,409474403;0,419603705;0,599141359;0,530062556;0,555088878;0,319890738;0
0,404469132;0,518689275;0,538573921;0,473469436;0,555639863;0,371080786;1
0,452522099;0,376573324;0,629963934;0,601804078;0,543364465;0,350217432;1
0,39501363;0,52421248;0,540864229;0,449632674;0,57016778;0,366295129;0
0,369924963;0,632300913;0,440182209;0,406727821;0,524341941;0,375414252;0
0,37831825;0,54359293;0,529886186;0,415985167;0,579826415;0,356697947;0
0,389709622;0,535633147;0,502427936;0,482020259;0,517440438;0,343281358;0
0,369064212;0,699225903;0,425936937;0,327466965;0,579641759;0,445364207;1
0,419919819;0,560386002;0,52792412;0,451313227;0,573973358;0,428932518;1
0,405057698;0,451274693;0,548753798;0,553622484;0,500939667;0,310634941;1
0,343320936;0,581957936;0,457374573;0,41704464;0,512115121;0,299794436;0
0,381986976;0,432430804;0,547126889;0,551067352;0,489039987;0,26531446;1
0,378777504;0,61579442;0,458521247;0,4165124;0,533634663;0,382509947;1
0,378143907;0,599896014;0,465691954;0,428193212;0,528779268;0,36935851;0
0,395005286;0,523905993;0,540897906;0,449997753;0,569906354;0,365986973;1
0,351347238;0,665054083;0,402605474;0,386863947;0,504504561;0,359550953;0
0,438209236;0,409811616;0,633879662;0,529428959;0,594260573;0,371685773;1
0,401305467;0,585418522;0,511453748;0,414959133;0,581362903;0,419142067;1
0,328217149;0,71679014;0,357146144;0,341903657;0,496745795;0,355476499;0
0,416409433;0,435793042;0,612463593;0,496132314;0,593283653;0,35508287;0
0,451763093;0,386658996;0,622517467;0,597572207;0,541178405;0,354529321;1
0,399075121;0,483177155;0,559569836;0,485015094;0,557566047;0,342791349;1
0,364546776;0,588023186;0,476467162;0,411098331;0,54157418;0,346508473;0
0,356966227;0,624196827;0,420727849;0,42865783;0,486609906;0,334798813;0
0,349026382;0,636846781;0,414947957;0,407495499;0,49488166;0,333865702;0
0,3787103;0,602137566;0,468808323;0,421336532;0,536515117;0,374907106;1
0,412625432;0,50526309;0,56901139;0,458711803;0,590861499;0,390538722;1
0,436378688;0,461210996;0,595795989;0,512221754;0,580727816;0,39498499;1
0,332934678;0,670679212;0,372336894;0,396953911;0,464735657;0,318665117;1
0,351093531;0,601130724;0,452890366;0,407405436;0,521366179;0,325868458;0
0,418822229;0,400073051;0,593304753;0,579057515;0,518210232;0,307232767;1
0,374108493;0,594626665;0,453410327;0,447830945;0,503087342;0,349298745;0
0,362222344;0,582141638;0,468980372;0,426737189;0,523040593;0,331996828;1
0,334183067;0,605825603;0,393804222;0,462786257;0,428896666;0,269292682;0
0,405315369;0,570631027;0,495842963;0,46347037;0,536067724;0,396017104;1
0,476683736;0,347848445;0,663617134;0,622562528;0,563219845;0,374944031;1
0,424768537;0,547050595;0,562980831;0,425805986;0,617940843;0,448170215;1
0,378525943;0,567750156;0,504329443;0,419095606;0,561154485;0,363703102;1
0,358829588;0,655114233;0,423728138;0,381753683;0,527191162;0,374197811;0
0,350226223;0,587025225;0,451132208;0,428582668;0,502940655;0,309215009;0
0,399640709;0,527487278;0,537372172;0,45640564;0,565261781;0,373195112;1
0,407405704;0,529504716;0,534830034;0,467781782;0,559149146;0,383622319;1
0,3980515;0,52570343;0,527448952;0,471104801;0,546726346;0,361882091;1
0,448941886;0,398048371;0,651640773;0,532691538;0,609467566;0,386907458;1
0,384730518;0,484405667;0,556778789;0,467722952;0,561045408;0,324070632;1
0,426245421;0,422792941;0,581969559;0,573322356;0,519134045;0,331061602;1
0,412065238;0,415582865;0,578206182;0,570257723;0,511308134;0,304210186;1
0,336077631;0,657673776;0,391166449;0,393206;0,482599229;0,322255105;0
0,396219283;0,493338972;0,557655811;0,469744265;0,56637466;0,348169416;0
0,413875282;0,564766467;0,520439565;0,447861403;0,56857872;0,41986528;1
0,404688984;0,531547189;0,523079038;0,478291035;0,542014301;0,373425573;0
0,358771056;0,63588798;0,429309726;0,401776522;0,514711201;0,356310159;0
0,407532573;0,463986635;0,541445613;0,549809277;0,500460982;0,321054667;1
0,388240784;0,593068838;0,475672156;0,437407285;0,533729911;0,382764846;0
0,385472238;0,545188129;0,50451839;0,459777981;0,533597291;0,349202335;0
0,379865706;0,582591116;0,475809008;0,440675259;0,526594341;0,360361904;0
0,384566844;0,569712877;0,511118352;0,414956033;0,572064877;0,378875375;1
0,39237532;0,730555475;0,425455153;0,309542358;0,607335448;0,52138871;1
0,403858662;0,540876389;0,534736037;0,447277486;0,572813094;0,391123652;1
0,362201452;0,539573967;0,494618118;0,449553639;0,521931291;0,307235301;1
0,374187917;0,574530661;0,47310397;0,44814828;0,515806794;0,342487812;0
0,403838694;0,517342806;0,501772225;0,527910531;0,489453763;0,341986239;1
0,394781023;0,532371044;0,517152309;0,472231984;0,537374258;0,357066274;0
0,40958184;0,403199524;0,585377097;0,574031949;0,51178664;0,294100374;1
0,397640318;0,582954705;0,488024652;0,44684121;0,53962791;0,393462747;0
0,392835706;0,483852327;0,557880521;0,478019267;0,55837667;0,33441323;0
0,412032992;0,573074043;0,505966306;0,454471767;0,553205132;0,415492535;0
0,409013063;0,44280538;0,557196856;0,55851984;0,504864275;0,312873632;1
0,37134847;0,629675567;0,45053038;0,397834867;0,539053679;0,382180125;1
0,370561212;0,576027691;0,507714093;0,392236471;0,579941928;0,364473581;0
0,373366237;0,599303007;0,460181534;0,430374086;0,520766258;0,358306259;0
0,385221571;0,449262947;0,537373066;0,54597652;0,488401979;0,278035134;1
0,355944902;0,574635327;0,487659603;0,402170569;0,550988495;0,329365432;1
0,427456975;0,421744525;0,583448708;0,574221075;0,520073891;0,332530826;1
0,373345137;0,557153583;0,485778302;0,453231215;0,519656539;0,332559377;1
0,422243804;0,512837291;0,556698263;0,479133576;0,572639883;0,401916713;0
0,407532573;0,463986635;0,541445613;0,549809277;0,500460982;0,321054667;0
0,353469938;0,573722243;0,470855266;0,423665583;0,521642506;0,313604265;0
0,406733364;0,396038324;0,588665783;0,575645864;0,511164844;0,286114991;1
0,403128684;0,613209367;0,51503408;0,373751134;0,616522014;0,456633329;0
0,452385545;0,458234161;0,618623555;0,502948463;0,610932887;0,431235433;1
0,382684886;0,486488968;0,50960362;0,530643463;0,480703354;0,291502655;0
0,361013621;0,573985517;0,463154346;0,4448874;0,504317522;0,31808272;0
0,368810564;0,548145294;0,504063904;0,433345288;0,544439316;0,330541581;1
0,369742781;0,603487194;0,460862011;0,418478221;0,528519392;0,358552426;1
0,40054962;0,500276923;0,511594534;0,533030689;0,49009183;0,327667624;1
0,385469586;0,593490243;0,483551979;0,421842813;0,549461126;0,385458738;0
0,402625322;0,545286298;0,518757641;0,462497324;0,550197184;0,382170379;0
0,350479245;0,581003487;0,422048122;0,479997188;0,444026917;0,284076393;1
0,408484608;0,535983324;0,526785016;0,471844137;0,551423371;0,385925353;0
0,344586879;0,64250797;0,408856839;0,40182212;0,492717206;0,329754889;0
0,479981303;0,411102772;0,622302413;0,599351645;0,554519296;0,417653948;1
0,406251609;0,45021075;0,55025965;0,554530501;0,501881003;0,312055826;1
0,379784465;0,591134667;0,466109961;0,442335695;0,518914521;0,362303406;0
0,376094162;0,584368646;0,496260852;0,404107749;0,566353798;0,372391254;1
0,41386947;0,518357396;0,507504821;0,53175813;0,495722204;0,35987258;0
0,383598626;0,54598099;0,505013168;0,455381989;0,536269963;0,347967058;0
0,418908864;0,414511144;0,583219647;0,57349807;0,515851676;0,314725399;1
0,368005812;0,536676526;0,501950681;0,451180875;0,528753936;0,316626519;0
0,392761797;0,565637052;0,507260084;0,437151313;0,5568856;0,382473409;1
0,382529855;0,569281757;0,497618377;0,431915253;0,549070239;0,365676582;0
0,400170684;0,622296095;0,479530066;0,406108052;0,567255676;0,435392469;1
0,435438007;0,483924091;0,58352834;0,497500688;0,583224356;0,408818573;0
0,378242761;0,603429794;0,465287328;0,423864871;0,531968176;0,373077661;0
0,402832389;0,522335351;0,533408165;0,473665506;0,551247895;0,368952543;1
0,359687299;0,574949861;0,466997325;0,436150908;0,512902677;0,320040911;0
0,338525176;0,587295353;0,409658462;0,472113103;0,434909463;0,267631024;1
0,409066528;0,538307428;0,529904723;0,464856714;0,559097469;0,391568303;1
0,437731355;0,437395513;0,57889533;0,572429895;0,523974955;0,358184367;1
0,428729802;0,500130832;0,529696465;0,544907749;0,508117795;0,376169235;1
0,409263104;0,486350805;0,578819573;0,466021895;0,589930892;0,373480797;1
0,391512841;0,621269822;0,455805391;0,429665595;0,528616488;0,403913587;1
0,35171923;0,581387401;0,4565157;0,430920303;0,505516112;0,309179842;0
0,331614345;0,626903474;0,414609164;0,397910565;0,492046535;0,300629169;0
0,385155201;0,588950694;0,489438444;0,419491619;0,554928899;0,384446114;1
0,329696506;0,664903998;0,377277881;0,393766642;0,468789577;0,311698467;0
0,422015369;0,523387671;0,552199483;0,470682532;0,575997651;0,409637332;0
0,362445563;0,560456574;0,483536422;0,436656326;0,524898052;0,320483446;0
0,339770138;0,672038853;0,380075008;0,393057972;0,477275491;0,335006386;0
0,322067469;0,681435466;0,358078748;0,386440873;0,456706434;0,305860341;0
0,429648995;0,464151561;0,604225636;0,486385047;0,602002919;0,396058708;1
0,347996235;0,630233884;0,422877252;0,404274166;0,502169609;0,331117094;0
0,420977354;0,518732429;0,559972882;0,464419246;0,585174561;0,409211248;1
0,333124697;0,639106989;0,395762324;0,409677446;0,470800519;0,301962227;0
0,375354737;0,627700746;0,458292842;0,395169735;0,548506498;0,391267568;1
0,358054608;0,61218226;0,45128122;0,403676182;0,527305782;0,345490307;0
0,362486839;0,568827033;0,487966657;0,418771327;0,5418185;0,332093418;0
0,440957487;0,47194913;0,601950049;0,493951827;0,600770712;0,41767627;1
0,40746358;0,519797444;0,54460156;0,467207134;0,565936923;0,380695373;1
0,4289985;0,530546486;0,542389035;0,484327197;0,563042045;0,419180602;1
0,377330959;0,58875519;0,463589221;0,445983648;0,513036907;0,354675055;1
0,391812056;0,476820052;0,546634138;0,502929926;0,531401336;0,318201363;0
0,407532573;0,463986635;0,541445613;0,549809277;0,500460982;0,321054667;1
0,375966609;0,472663224;0,514862537;0,53301698;0,478521436;0,274427056;1
0,361563712;0,596276522;0,480071664;0,390541077;0,55854249;0,353969246;0
0,342322856;0,649730384;0,410498768;0,385793626;0,505430937;0,335886627;0
0,417901635;0,508810401;0,549629271;0,489282876;0,558034003;0,38642633;1
0,376645058;0,604214787;0,493990958;0,380551487;0,583819866;0,39340812;1
0,369411647;0,47423172;0,56248486;0,45231384;0,568010211;0,299359769;1
0,415360451;0,524883032;0,541728854;0,4749358;0,562453866;0,394368231;0
0,3849051;0,49575597;0,541542828;0,474377215;0,546128631;0,324814796;0
0,338423193;0,649698079;0,403171986;0,39089182;0,494038194;0,325350195;0
0,396169424;0,499231845;0,509489298;0,531565487;0,487428874;0,319796145;1
0,383315325;0,590913296;0,489797622;0,413752854;0,558633268;0,384415656;1
0,36783728;0,624439895;0,441672474;0,413147569;0,519035876;0,36485976;0
0,390434653;0,632252395;0,458461702;0,408470511;0,546437085;0,417341083;0
0,420335293;0,478929132;0,586665511;0,479611307;0,590714037;0,386033803;1
0,394645363;0,440772265;0,549446821;0,55325377;0,495930344;0,288801372;0
0,356937885;0,653336048;0,424509525;0,380707264;0,527475476;0,370134443;0
0,401140779;0,396066308;0,585148454;0,573308825;0,507560611;0,277497172;1
0,384344757;0,57801944;0,487292379;0,436834008;0,539564192;0,369823724;1
0,352151453;0,604136467;0,459269702;0,395691127;0,535523951;0,334906816;0
0,438551903;0,47531721;0,598901153;0,490640104;0,599987924;0,415745705;1
0,348148137;0,572548449;0,467377186;0,422772169;0,516977012;0,30338797;1
0,437845707;0,388754845;0,612792492;0,591190577;0,532133818;0,332342744;1
0,374535948;0,545550704;0,497230738;0,454666823;0,526678145;0,330398172;0
0,402304769;0,458705097;0,541793048;0,549624622;0,497956246;0,309820354;1
0,386778831;0,619830072;0,464442819;0,413097918;0,54465574;0,402469099;0
0,364047229;0,527562201;0,504126191;0,4551965;0,524801254;0,304349244;1
0,405751437;0,485362262;0,569557846;0,476337194;0,574278772;0,360908419;1
0,341169447;0,649310112;0,40919134;0,386670828;0,503156245;0,332933873;0
0,363003373;0,574415445;0,476606309;0,427802354;0,527631044;0,330458522;0
0,347225249;0,597345293;0,440500855;0,424998045;0,49698925;0,308435053;0
0,421712279;0,549896657;0,542571425;0,447262704;0,587354004;0,43106091;1
0,411677569;0,494622201;0,552908659;0,495911181;0,551764429;0,365776062;1
0,34584716;0,490959406;0,481768042;0,51266408;0,455413729;0,236836687;1
0,400402695;0,456687272;0,575749993;0,500093877;0,557436764;0,329324484;1
0,412984282;0,539771199;0,528580785;0,47000283;0,556429267;0,397338629;0
0,414711475;0,47780937;0,564187109;0,506949186;0,552374542;0,360479653;1
0,367149889;0,639796555;0,419385612;0,421812147;0,496950835;0,364486635;0
0,424002469;0,482141495;0,576658726;0,494933367;0,574632525;0,386515379;1
0,369286269;0,516813695;0,523055017;0,450217277;0,543938398;0,313280076;1
0,387940913;0,505149007;0,532615125;0,478447974;0,538874924;0,331672728;1
0,432774931;0,42693615;0,583108485;0,574403405;0,522574127;0,344177991;1
0,384624869;0,574591279;0,476947367;0,456913918;0,517380893;0,35888949;0
0,419843018;0,557659864;0,528228045;0,454602778;0,571623683;0,426007777;0
0,34868136;0,528296888;0,457650572;0,499631941;0,451348871;0,257044494;1
0,454976976;0,374557704;0,632795513;0,603564024;0,545232296;0,353239536;1
0,455390692;0,504007816;0,58615005;0,491966575;0,599403977;0,459833533;1
0,398736;0,515265763;0,554691613;0,447045654;0,583044708;0,372058064;0
0,393843174;0,488205224;0,550133467;0,484668493;0,548799515;0,33450985;1
0,401079178;0,511890829;0,557828426;0,450323254;0,583837569;0,373915642;1
0,338412881;0,627482474;0,422733486;0,395068467;0,503828406;0,315614074;0
0,358116895;0,59649694;0,456433564;0,418665498;0,518822551;0,332661837;1
0,357340902;0,606079638;0,467995465;0,387937397;0,550413907;0,350109667;0
0,439998269;0,501068056;0,594253421;0,463604927;0,617620766;0,442445844;1
0,42014128;0,351998001;0,628211617;0,59861505;0,527317226;0,284791589;0
0,401826948;0,530146003;0,531151474;0,464668483;0,556117892;0,374226242;1
0,369292259;0,570843339;0,48739332;0,426153779;0,539518833;0,342565;0
0,411704361;0,507424533;0,542829573;0,492801011;0,547577739;0,371752441;1
0,453166217;0,414340973;0,604213238;0,587465823;0,537420511;0,372239023;1
0,343854427;0,639993727;0,411069393;0,401284814;0,494210184;0,327672869;0
0,418422878;0,469247162;0,544698358;0,552358925;0,506570876;0,342017472;1
0,362852901;0,59856838;0,461769104;0,41470927;0,528168201;0,344844699;0
0,413351774;0,429126203;0,569511235;0,565572619;0,509888828;0,313085705;1
0,347960711;0,595253646;0,452746689;0,411507666;0,516183019;0,315717816;0
0,409375846;0,586286068;0,51777786;0,415483415;0,589280665;0,436056703;1
0,377440572;0,541480005;0,518000782;0,434582531;0,557328284;0,344740719;1
0,422570884;0,398684442;0,629405677;0,531641841;0,581362903;0,336678207;0
0,377716124;0,514298737;0,527763367;0,458620816;0,545255482;0,324572921;0
0,361058652;0,682866931;0,397659987;0,380250067;0,512145042;0,390498608;0
0,445107728;0,490804285;0,590385497;0,490478665;0,59795475;0,43473205;1
0,349624872;0,600888133;0,442866027;0,419953227;0,503939629;0,316703409;1
0,383813083;0,617913544;0,45851025;0,420283407;0,533472776;0,391703695;1
0,327015013;0,688417256;0,370562792;0,364447594;0,486466795;0,329636276;0
0,384579092;0,533019125;0,52197361;0,450406134;0,55164808;0,348097771;1
0,349043995;0,65021348;0,423849076;0,375503123;0,526717544;0,355319589;0
0,423066705;0,488135844;0,588398635;0,467837483;0,602028549;0,400920302;1
0,384549826;0,567076266;0,491910994;0,445917279;0,535619557;0,361779511;0
0,371822059;0,567249417;0,518857062;0,390453815;0,589109361;0,364982724;0
0,365058571;0,540066242;0,50075537;0,444069475;0,531820774;0,315453202;1
0,404007375;0,517822087;0,568563879;0,430483758;0,60719645;0,392316729;1
0,364410549;0,599181294;0,452424824;0,429305792;0,51141268;0,340786219;0
0,375607252;0,477992684;0,510888278;0,530822337;0,477422684;0,276312172;1
0,35943687;0,560789585;0,482680917;0,433212876;0,525307894;0,316423506;1
0,429989249;0,379881471;0,642354429;0,54883188;0,581181347;0,335739076;1
0,412308246;0,468105346;0,571087778;0,507115901;0,555483997;0,352463484;1
0,390891105;0,487403095;0,544084191;0,490580559;0,538692653;0,325740278;1
0,388401091;0,54567945;0,51065439;0,454272032;0,543456614;0,357962728;0
0,37779066;0,593898416;0,471728414;0,427636951;0,532957792;0,366819471;0
0,414910167;0,510693967;0,562569857;0,463677555;0,584192097;0,394438624;1
0,385668814;0,528888822;0,523829341;0,454971254;0,549939811;0,346590012;1
0,400160521;0,537440419;0,511458337;0,480711669;0,530116439;0,36515516;1
0,432433695;0,508106887;0,557679594;0,497932851;0,564469457;0,411004215;0
0,409315735;0,432339579;0,594498336;0,5186674;0,560581803;0,329238474;1
0,39268133;0,5906021;0,472809941;0,451074183;0,523697853;0,383800566;1
0,375895202;0,563511968;0,48786968;0,44483155;0,528985262;0,34384656;0
0,404602855;0,44177416;0,555117249;0,55706811;0,502200127;0,305196255;1
0,434846193;0,481589884;0,580482721;0,504516125;0,575651348;0,403091729;0
0,380902529;0,448228806;0,535277903;0,544517219;0,48573944;0,270875603;1
0,354222834;0,530047894;0,508750916;0,431339055;0,540720522;0,297758222;0
0,415332288;0,500219047;0,561752915;0,480040103;0,571544528;0,383113712;1
0,431561947;0,516558707;0,569287121;0,467886835;0,594115198;0,428287506;1
0,430267572;0,491112441;0,587744236;0,47427398;0,600576043;0,413188189;1
0,371880233;0,436683267;0,537486732;0,545058548;0,481675625;0,252067149;0
0,418195397;0,554680407;0,518419921;0,470763803;0,55208993;0,412863553;0
0,40460059;0,492873281;0,553442359;0,487980098;0,554317057;0,355282217;0
0,400672674;0,54630667;0,538664877;0,429831684;0,586917281;0,395778924;1
0,337160826;0,662145436;0,397112966;0,379550606;0,498397321;0,33300969;0
0,431567401;0,491037369;0,5701015;0,502328157;0,568779528;0,400936484;1
0,375343949;0,533416867;0,519476235;0,440751463;0,552339554;0,334882319;0
0,356876105;0,672377527;0,405217439;0,379709721;0,515307248;0,377803892;1
0,421115339;0,462553442;0,589780331;0,498957098;0,578675032;0,371969104;1
0,412885904;0,566512764;0,51347661;0,454088092;0,55880326;0,415095955;1
0,388851851;0,501222014;0,539785504;0,47475031;0,546885252;0,333963603;0
0,399979562;0,63068378;0,508781254;0,354129612;0,626413882;0,468194425;1
0,360053867;0,546889484;0,491001368;0,44154346;0,524577439;0,309222281;0
0,433990985;0,425885111;0,584586442;0,575301588;0,523513436;0,345675379;1
0,416125804;0,477438241;0,56031841;0,515069604;0,544395745;0,359015316;1
0,413639635;0,50233537;0,556800306;0,482077688;0,565877199;0,379393876;1
0,372806519;0,555756211;0,482550144;0,459095091;0,512694895;0,328187019;1
0,391499639;0,582867026;0,447574735;0,497269481;0,47078684;0,355047882;1
0,398616225;0,564799368;0,519728601;0,428430647;0,574803889;0,398823351;0
0,357450575;0,654061437;0,4277367;0,375842094;0,533886731;0,374131888;0
0,389161676;0,529340029;0,513867259;0,473525792;0,53113085;0,344347179;0
0,442787528;0,455059707;0,611542106;0,505546153;0,599435091;0,409227371;1
0,409534097;0,568792582;0,537214696;0,412573934;0,60384059;0,431597769;1
0,421985745;0,414628595;0,621349096;0,52025944;0,584150553;0,346601963;1
0,358480632;0,550203025;0,485845387;0,44210121;0,519877255;0,306992918;0
0,365256041;0,640461683;0,438991219;0,390286356;0,534073353;0,377538502;1
0,397930026;0,558565438;0,517042935;0,440035403;0,563783467;0,389032751;0
0,387438029;0,524109542;0,523774981;0,464132488;0,543840706;0,343917757;1
0,440164059;0,52367276;0,569551349;0,468990326;0,597930133;0,447986186;1
0,469366103;0,367510378;0,645957708;0,611975074;0,555323482;0,373821378;1
0,364256889;0,453606665;0,52046746;0,535203338;0,473841816;0,248153433;0
0,406559825;0,493916661;0,552752078;0,490194261;0,553244174;0,358359039;0
0,335044682;0,59964627;0,433682203;0,414232343;0,493797809;0,290818542;0
0,403892398;0,46918124;0,575196326;0,488110572;0,568058372;0,345977545;1
0,342855185;0,634260654;0,418878645;0,397019714;0,502298295;0,325824797;0
0,393627018;0,634791195;0,458975852;0,408291847;0,548673093;0,425138533;0
0,370271862;0,603821158;0,51726985;0,341720372;0,62589246;0,401939601;0
0,428429127;0,554480493;0,538353682;0,455860883;0,581703961;0,441967845;1
0,409089297;0,515536129;0,549815059;0,467745721;0,56977427;0,38222295;0
0,38498494;0,545916855;0,501049876;0,463086098;0,52851516;0,346826762;0
0,394320786;0,584913135;0,511857748;0,405853122;0,584910572;0,40938589;0
0,344482422;0,623199046;0,433410466;0,394515872;0,514966011;0,326566041;1
0,389544755;0,543394685;0,51230979;0,4566468;0,543331921;0,358265191;0
0,391403556;0,463887095;0,567297041;0,490154922;0,554511964;0,319418788;1
0,389686435;0,475690931;0,552654743;0,492771775;0,541958392;0,318686098;0
0,377246916;0,569396853;0,488610744;0,437373698;0,536031365;0,352279931;0
0,46197325;0,373524159;0,637566864;0,606726468;0,549738169;0,364561528;1
0,424947858;0,409306169;0,590593636;0,57798624;0,52055192;0,321915269;1
0,39809218;0,515375674;0,537308753;0,471264631;0,553025305;0,358413458;1
0,441215634;0,405100346;0,603427649;0,586213052;0,531498075;0,346760303;1
0,410952151;0,431233019;0,566526055;0,563765883;0,508006811;0,310242355;1
0,420909077;0,443471938;0,600270927;0,509810507;0,577335477;0,359545588;0
0,430495322;0,610831082;0,501779199;0,431011587;0,578388989;0,480957806;0
0,40041101;0,601562142;0,49407503;0,415537208;0,569344521;0,422885627;1
0,386298835;0,545166433;0,516662776;0,443490118;0,554497242;0,35908711;1
0,404479355;0,459990472;0,588011742;0,482735038;0,580832541;0,346743792;0
0,43823871;0,513526738;0,57978183;0,465475559;0,606090188;0,442269027;0
0,440688878;0,455537736;0,598539889;0,521794558;0,577604353;0,396597713;0
0,405332267;0,571233094;0,495775163;0,462736845;0,536598384;0,39665246;1
0,387749165;0,635793686;0,465938985;0,389351398;0,564977944;0,42367503;1
0,342511684;0,654539406;0,3912009;0,40683949;0,475495696;0,327287197;0
0,442146748;0,423756391;0,591049194;0,579427838;0,528986394;0,358411163;1
0,371589541;0,602721751;0,460370213;0,422794491;0,525841534;0,359804541;0
0,419347793;0,535138547;0,544777274;0,461521327;0,576730907;0,413217008;0
0,337361991;0,509162962;0,463227361;0,501828551;0,446707368;0,231903166;1
0,428306341;0,526608884;0,558772564;0,464974403;0,587845147;0,426743299;1
0,439595371;0,437665075;0,615818501;0,519356966;0,590350509;0,389419287;0
0,359892428;0,678736627;0,41042617;0,366927654;0,531058609;0,393806726;0
0,382411391;0,541570604;0,518226624;0,440937966;0,555324316;0,351425052;0
0,42577979;0,447333723;0,610353291;0,495586604;0,597204208;0,377696335;1
0,369385839;0,608589411;0,4569121;0,416334778;0,527422011;0,360728115;0
0,431134135;0,517983973;0,546549439;0,498697549;0,555957615;0,411436647;0
0,407512069;0,502792239;0,549818933;0,483382821;0,557038844;0,36667636;1
0,371511191;0,55854851;0,486205071;0,448116124;0,522869945;0,331941664;0
0,426820904;0,38374427;0,609677613;0,588697374;0,52604425;0,311692029;1
0,459131986;0,380562246;0,631055057;0,602863014;0,546782434;0,363680154;1
0,397636384;0,477876037;0,525376141;0,540333867;0,491830468;0,311632514;1
0,36722526;0,659479201;0,413773745;0,400752246;0,509985387;0,38316828;0
0,40514341;0,466124833;0,538423479;0,547989428;0,49857837;0,318172425;1
0,411730677;0,515318871;0,547294736;0,475289285;0,563836038;0,383541584;1
0,383803129;0,529991746;0,524289191;0,450217754;0,552861154;0,345659375;1
0,38632071;0,520364523;0,517424643;0,477011979;0,529182136;0,334167451;0
0,411720455;0,358889729;0,618213236;0,59241879;0,520743489;0,275437832;1
0,419168681;0,458618045;0,552576602;0,556713581;0,508772135;0,337778091;1
0,358633667;0,555973589;0,485202134;0,435200214;0,524934947;0,312386215;1
0,408937722;0,58908242;0,514075875;0,416208833;0,58614552;0,43576777;1
0,390146911;0,51142323;0,545394242;0,454188526;0,566958368;0,350028008;1
0,403544426;0,510741949;0,541418254;0,479166597;0,552634299;0,363642007;0
0,427808911;0,5088166;0,560709715;0,486308903;0,572775066;0,408018231;1
0,422416091;0,460723728;0,553155482;0,557258964;0,510494471;0,344369352;0
0,369278491;0,66152668;0,426733196;0,382097363;0,534872055;0,398511708;0
0,356370658;0,593206882;0,452057153;0,427137226;0,508253098;0,323914498;0
0,407446623;0,449147254;0,551764607;0,555438101;0,50282228;0,313480318;1
0,363714784;0,587151229;0,464461029;0,428192705;0,519793332;0,335898817;0
0,350217402;0,649026453;0,406408429;0,403603882;0,492928445;0,342581362;1
0,406674117;0,535566688;0,541477799;0,44872129;0,577554047;0,394248098;1
0,388741881;0,553293943;0,523922861;0,425169885;0,57463342;0,376298636;1
0,378526002;0,495115072;0,545319319;0,460960478;0,555316746;0,318903595;0
0,424486607;0,400045037;0,596800566;0,58138603;0,521810114;0,316369712;1
0,362608701;0,578133464;0,472808659;0,42745021;0,525203347;0,331080168;0
0,394024491;0,402250141;0,576261818;0,567906559;0,501913309;0,26959604;1
0,393972516;0,531246483;0,485633194;0,518378019;0,480830401;0,332250386;1
0,405314922;0,495979637;0,51767236;0,536687672;0,493856013;0,333533853;1
0,375525057;0,54500711;0,504066229;0,446979851;0,537636101;0,335935116;1
0,348479092;0,630121529;0,426200598;0,400363863;0,507804334;0,334030479;0
0,395702422;0,57063514;0,49875766;0,446268022;0,545961916;0,385433167;0
0,417263567;0,492750168;0,556692898;0,500513732;0,553747237;0,373843044;0
0,430593044;0,423361719;0,621411264;0,519156396;0,589544058;0,366790205;1
0,385358244;0,559585273;0,499525189;0,446628392;0,540460408;0,360483676;0
0,386419892;0,593915462;0,456741363;0,46099332;0,501977503;0,367108107;1
0,344299287;0,533734679;0,484981835;0,446106464;0,507945538;0,27379033;0
0,383485734;0,567236602;0,504623234;0,426116198;0,558628023;0,369928002;1
0,388018012;0,45665884;0,533998907;0,544339061;0,489023805;0,285885274;1
0,364208996;0,600496769;0,477024674;0,392481893;0,556524396;0,359821379;0
0,423100382;0,487292498;0,569471836;0,497163922;0,567771673;0,385329068;1
0,427276522;0,407969713;0,630484998;0,522814155;0,591193616;0,353201002;1
0,442344069;0,561307728;0,552892148;0,443597823;0,607370377;0,480188996;1
0,407196522;0,540628254;0,530229032;0,4586218;0,563056946;0,391854018;1
0,362131208;0,560359478;0,474802226;0,448871166;0,509486318;0,313965589;0
0,405918568;0,477562696;0,559839308;0,501794338;0,548684418;0,345873594;1
0,354163319;0,569789708;0,48341921;0,41233024;0,539174616;0,319218606;1
0,389428169;0,539123356;0,512783825;0,461775184;0,53962338;0,354002655;0
0,367157191;0,490842611;0,496267855;0,522212267;0,469754368;0,268986493;1
0,360983402;0,5911327;0,457855523;0,428207874;0,513882577;0,331803977;0
0,370200992;0,413723737;0,552682936;0,553240061;0,484352976;0,239625141;1
0,386395037;0,448199898;0,538884938;0,546887279;0,489342779;0,279367357;0
0,372128695;0,615385234;0,453581452;0,415089101;0,527776301;0,369408041;0
0,383299202;0,525979638;0,482359499;0,51580441;0,47473222;0,311602741;0
0,401368767;0,555677354;0,507445157;0,462524325;0,542162657;0,383219659;0
0,348397911;0,678202808;0,410598665;0,352315694;0,536710858;0,377304703;0
0,434551716;0,52737844;0,565591514;0,462207377;0,597540796;0,441405535;1
0,421808541;0,359825283;0,623610973;0,596142828;0,526998997;0,291384876;0
0,396647185;0,443923652;0,548520446;0,552891791;0,496711999;0,293486387;0
0,412989646;0,511493087;0,563056886;0,45927605;0,586799383;0,393140018;0
0,332679659;0,674042642;0,382038325;0,377329916;0,487205684;0,329295903;1
0,428005308;0,433417052;0,627797127;0,491485566;0,612917125;0,379390866;0
0,364519864;0,563913703;0,496693492;0,416060299;0,550752163;0,335862339;1
0,415755421;0,42702195;0,572491407;0,567377627;0,511770487;0,315943211;1
0,427676737;0,401711464;0,616019845;0,554555118;0,557514071;0,336008906;1
0,431941509;0,39733386;0,636825442;0,534562588;0,589159071;0,352583557;1
0,422507375;0,510479629;0,565583825;0,469730943;0,585603476;0,406605959;1
0,36105144;0,55211556;0,483066499;0,447026759;0,51570344;0,310166687;0
0,369814575;0,589991689;0,485226482;0,403244168;0,556430876;0,361951321;0
0,411495417;0,455476761;0,549913228;0,554714799;0,504385591;0,323333204;1
0,378984511;0,486484796;0,544294477;0,475104868;0,544067085;0,310344666;1
0,383939594;0,500364721;0,500715733;0,525885582;0,479285598;0,300167352;1
0,41319257;0,511888146;0,557719469;0,466809154;0,577788115;0,389730603;1
0,380238414;0,538759053;0,471388191;0,509563982;0,47066009;0,312813967;1
0,347204328;0,68703419;0,399718463;0,352677196;0,528375983;0,378036529;0
0,363934994;0,535113275;0,494529873;0,458331376;0,516053259;0,305006325;0
0,424090713;0,508967757;0,556544304;0,487239778;0,567391813;0,40003404;1
0,434357822;0,482937396;0,577034116;0,507106304;0,571181536;0,40121299;0
0,333720475;0,693331718;0,382914573;0,348681659;0,512307227;0,354042768;0
0,352607578;0,554820716;0,483693928;0,430493802;0,52415812;0,302722692;0
0,392315179;0,514089167;0,539188862;0,462445408;0,557822168;0,351030976;0
0,336963952;0,64442575;0,407614261;0,390178412;0,496757686;0,320932388;0
0,41040644;0,52572161;0,555402219;0,447228998;0,589594305;0,399217337;1
0,365093619;0,56477797;0,480487734;0,438661367;0,522857547;0,326061457;0
0,422115237;0,430721909;0,611343026;0,512732029;0,583151579;0,356084138;1
0,409489542;0,478627682;0,549916446;0,519698679;0,530399323;0,344232142;1
0,377074122;0,633161902;0,448390245;0,403509885;0,536346376;0,392353833;0
0,373330921;0,575076699;0,480384618;0,435759336;0,529733479;0,347189397;0
0,40656206;0,512772202;0,547339201;0,471793711;0,563733578;0,37411052;1
0,374301851;0,569136024;0,501952231;0,414796144;0,560631871;0,357860893;1
0,394194454;0,431319028;0,555808425;0,556699932;0,497190714;0,283587664;1
0,420933753;0,510226846;0,555598199;0,482634902;0,568580389;0,396505773;1
0,375883132;0,457783341;0,525255263;0,53867954;0,48087886;0,267519265;1
0,453254402;0,428925782;0,594213724;0,581937313;0,535071552;0,380446374;1
0,45405224;0,447091728;0,619243443;0,519903958;0,599700272;0,421524584;0
0,400990546;0,544044137;0,528218031;0,448387057;0,56622541;0,385803312;1
0,409308106;0,511644185;0,558896303;0,460201502;0,581463754;0,385257512;1
0,376024544;0,549748123;0,492793351;0,457239807;0,522634625;0,333404899;0
0,356248885;0,577198029;0,462558836;0,434528649;0,509280384;0,314870089;0
0,351714581;0,610687494;0,441174448;0,411357492;0,510854602;0,328335702;1
0,368981004;0,547623932;0,498749197;0,441890895;0,534439623;0,326505631;1
0,433151066;0,421716034;0,58697027;0,576556802;0,52367264;0,342048675;1
0,366801292;0,49618417;0,49229157;0,520012677;0,468657672;0,270848215;1
0,357241392;0,577562571;0,469261408;0,425833285;0,521073163;0,321139097;0
0,375576526;0,565453112;0,498395354;0,426670432;0,549777746;0,35305807;1
0,386388898;0,53672111;0,526342928;0,44146511;0,562350988;0,357458144;1
0,364231646;0,518620074;0,474883854;0,510289013;0,46333763;0,277046263;1
0,351301879;0,544337153;0,497587144;0,423421472;0,537986875;0,300332278;1
0,435496986;0,405128509;0,59995079;0,583892167;0,527905226;0,337178558;1